{
  "Author": "Stack",
  "Name": "MSQ Cutscene Skipper",
  "InternalName": "MSQCutsceneSkipper",
  "AssemblyVersion": "0.0.0.0",
  "Description": "Skip cutscenes in \"Castrum Meridianum\", \"The Praetorium\", and \"The Porta Decumana\"!",
  "ApplicableVersion": "any",
  "RepoUrl": "https://github.com/StackBLU/MSQCutsceneSkipper",
  "Tags": [
    "cutscene",
    "skip",
    "msq"
  ],
  "DalamudApiLevel": 12,
  "LoadRequiredState": 0,
  "LoadSync": false,
  "CanUnloadAsync": false,
  "LoadPriority": 0,
  "Punchline": "Skip cutscenes in \"Castrum Meridianum\", \"The Praetorium\", and \"The Porta Decumana\"!",
  "AcceptsFeedback": false
}